,Hotel,Location,Country,Region,Company,Score,Rank,Rooms,Hotel_type,Theme,Year,Century,2021_Rank,Past_rank,Rank_Year,latitude,longitude
0,Rosewood Castiglion del Bosco,Montalcino,Italy,Europe,Massimo and Chiara Ferragamo,99.25,1,53,Small,Countryside,2000,21,0.0,0.0,2022,43.0610689,11.4900203
1,Grace Hotel,Santorini,Greece,Europe,Auberge Resorts Collection,99.22,2,20,Small,Coastal,2000,21,1.0,6.0,2022,36.399662250000006,25.476708914676557
2,Waldorf Astoria Maldives Ithaafushi,Ithaafushi Island,Maldives,Southeast Asia,Hilton,99.11,3,119,Small,Island,2019,21,1.0,80.0,2022,4.009165299999999,73.40331027632806
3,Pickering House Inn,Wolfeboro,United States,North America,Peter and Patty Cooke ,98.95,4,10,Small,Boutique ,1813,19,1.0,34.0,2022,43.58437,-71.207886
4,One&Only Reethi Rah,North Malé Atoll,Maldives,Southeast Asia,Kerzner International,98.93,5,130,Small,Island,2005,21,0.0,0.0,2022,4.437813800000001,73.53966432958072
5,Royal Mansour Marrakech,Marrakech,Morocco,Africa,King of Morocco,98.93,5,53,Small,Palace,2010,21,0.0,0.0,2022,31.6258257,-7.9891608
6,Capella Ubud,Bali,Indonesia,Southeast Asia,Pontiac Land Group,98.97,7,23,Small,Nature,2018,21,1.0,5.0,2022,-8.3304977,115.0906401
7,The Lowell,New York,United States,North America,Fouad Chartouni,98.8,8,74,Small,Contemporary ,1927,20,0.0,0.0,2022,40.7127281,-74.0060152
8,Hôtel Madame Rêve,Paris,France,Europe,Laurent Taïeb Group,98.73,9,82,Small,Contemporary ,1850,19,0.0,0.0,2022,48.8588897,2.3200410217200766
9,Rosewood Villa Magna,Madrid,Spain,Europe,RLH Properties,98.67,10,154,Medium,Contemporary ,1972,20,0.0,0.0,2022,40.4167047,-3.7035825
10,The Oberoi New Delhi,New Delhi,India,Southeast Asia,The Oberoi Group,98.67,10,220,Medium,Contemporary ,1965,20,1.0,10.0,2022,28.6138954,77.2090057
11,The Oberoi Udaivilas,Udaipur,India,Southeast Asia,The Oberoi Group,98.58,12,87,Small,Palace,2007,21,1.0,8.0,2022,24.578721,73.6862571
12,"Mandapa, a Ritz-Carlton Reserve",Bali,Indonesia,Southeast Asia,Marriott International,98.31,13,60,Small,Nature,2015,21,1.0,80.0,2022,-8.3304977,115.0906401
13,Wilderness Safaris Bisate Lodge,Musanze,Rwanda,Africa,Wilderness Safaris,98.29,14,6,Small,Safari,2017,21,0.0,0.0,2022,-1.4741392,29.568173968338307
14,Portrait Firenze,Florence,Italy,Europe,Lungarno Collection,98.25,15,37,Small,Boutique ,2014,21,0.0,0.0,2022,43.7698712,11.2555757
15,Raffles Istanbul,Istanbul,Turkey,Middle East,Accor,97.72,16,136,Small,Contemporary ,2014,21,1.0,47.0,2022,41.0091982,28.9662187
16,The Oberoi Marrakech,Marrakech,Morocco,Africa,The Oberoi Group,98.24,17,84,Small,Palace,2019,21,0.0,0.0,2022,31.6258257,-7.9891608
17,Capella Hanoi,Hanoi,Vietnam,Southeast Asia,Pontiac Land Group,98.18,18,47,Small,Boutique ,2021,21,0.0,0.0,2022,21.0294498,105.8544441
18,White Elephant Palm Beach,Palm Beach,United States,North America,New England Development ,98.13,19,32,Small,Boutique ,2020,21,0.0,0.0,2022,26.6279798,-80.4494174
19,The Loutrel,Charleston,United States,North America,Spaulding Slye Investments,98.0,20,50,Small,Contemporary ,2021,21,0.0,0.0,2022,32.7876012,-79.9402728
20,Monasterio,Cusco,Peru,Latin America,LVMH,97.87,21,122,Small,Palace,1592,16,0.0,0.0,2022,-13.5170887,-71.9785356
21,Sani Asterias,Kassandra ,Greece,Europe,LBRI SCA,97.87,21,57,Small,Beachfront,2003,21,0.0,0.0,2022,40.0271075,23.434252170765312
22,Shangri-La the Shard,London,England,Europe,Kerry Properties,97.86,23,202,Medium,Contemporary ,2014,21,1.0,19.0,2022,51.5073219,-0.1276474
23,Coquillade Provence Resort & Spa,Gargas,France,Europe,Coquillade ,97.82,24,63,Small,Countryside,2008,21,0.0,0.0,2022,43.755877,1.4679519
24,Taj Palace,New Delhi,India,Southeast Asia,India Hotels Company Limited,97.6,25,403,Big,Palace,1903,20,1.0,57.0,2022,28.6138954,77.2090057
25,Pendry Chicago,Chicago,United States,North America,Montage Hotels & Resorts,97.6,25,364,Big,Contemporary ,1927,20,0.0,0.0,2022,41.8755616,-87.6244212
26,Nayara Tented Camp,La Fortuna,Costa Rica,Latin America,Nayara Resorts,97.55,27,29,Small,Nature,2019,21,1.0,2.0,2022,10.4716839,-84.644436
27,Hotel Belmar,Monteverde,Costa Rica,Latin America,Pedro Belmar,97.5,28,26,Small,Nature,1985,20,0.0,0.0,2022,10.291151450000001,-84.81364393886889
28,Royal Champagne Hôtel & Spa,Champillon,France,Europe,Champagne Hospitality,97.5,28,47,Small,Countryside,2018,21,0.0,0.0,2022,49.08426,3.9774
29,Under Canvas Mount Rushmore,Keystone,United States,North America,KSL Capital Partners,97.47,30,74,Small,Nature,2009,21,0.0,0.0,2022,41.9988889,-92.1979353
30,Riggs Washington D.C.,Washington,United States,North America,Global Holdings Management Group,97.45,31,181,Medium,Palace,1891,19,0.0,0.0,2022,38.8950368,-77.0365427
31,Waldorf Astoria Los Cabos Pedregal,Cabo San Lucas,Mexico,Latin America,Hilton,97.45,31,115,Small,Coastal,2019,21,0.0,0.0,2022,22.8938884,-109.9200604
32,The Oberoi Vanyavilas Wildlife Resort,Ranthambhore,India,Southeast Asia,The Oberoi Group,97.45,33,25,Small,Nature,2001,21,1.0,14.0,2022,26.031249850000002,76.4906652236282
33,Canaves Oia Epitome ,Santorini,Greece,Europe,Chaidemenos family,97.41,33,24,Small,Coastal,2018,21,1.0,24.0,2022,36.399662250000006,25.476708914676557
34,The Standard ,Hua Hin,Thailand,Southeast Asia,Standard International,97.38,35,199,Medium,Beachfront,2021,21,0.0,0.0,2022,12.567301,99.9547134
35,The Oberoi Amarvilas,Agra,India,Southeast Asia,The Oberoi Group,97.37,36,102,Small,Palace,2000,21,1.0,65.0,2022,27.1752554,78.0098161
36,Hotel Santa Caterina,Amalfi,Italy,Europe,Gambardella family,97.33,37,66,Small,Coastal,1904,20,0.0,0.0,2022,40.63367,14.6026095
37,Raffles Grand Hotel d'Angkor,Siem Reap,Cambodia,Southeast Asia,Lodgis Hospitality Holdings,97.33,37,119,Small,Palace,1932,20,0.0,0.0,2022,13.3617562,103.8590321
38,Nihi Sumba,Sumba,Indonesia,Southeast Asia,Christopher Burch,97.33,37,28,Small,Beachfront,2001,21,1.0,36.0,2022,-9.795874,120.15245652768192
39,La Réserve Paris,Paris,France,Europe,La Réserve Hotels,97.26,40,40,Small,Palace,1854,19,0.0,0.0,2022,48.8588897,2.3200410217200766
40,Hotel de la Ville,Rome,Italy,Europe,Rocco Forte Hotels,97.17,41,104,Small,Palace,1921,20,0.0,0.0,2022,41.8933203,12.4829321
41,Il San Pietro di Positano,Positano,Italy,Europe,"Virginia Attanasio, Carlo and Vito Cinque",97.12,42,57,Small,Coastal,1970,20,0.0,0.0,2022,40.6286581,14.4854955
42,Six Senses Yao Noi,Koh Yao Noi,Thailand,Southeast Asia,InterContinental Hotels Group,97.07,43,56,Small,Beachfront,2007,21,0.0,0.0,2022,8.1144562,98.62389977996429
43,Finca Cortesin Hotel Golf & Spa,Málaga,Spain,Europe,Finca Cortesin,96.97,44,67,Small,Countryside,2009,21,1.0,100.0,2022,36.7213028,-4.4216366
44,Secret Bay,Portsmouth,Dominica,Caribbean,Gregor Nassief,96.97,45,10,Small,Coastal,2011,21,0.0,0.0,2022,15.575915,-61.455588
45,Cape Grace,Cape Town,South Africa,Africa,Kasada Capital Management,96.96,46,120,Small,Palace,1996,20,0.0,0.0,2022,-33.928992,18.417396
46,Taj Lake Palace,Udaipur,India,Southeast Asia,India Hotels Company Limited,96.92,47,83,Small,Palace,1743,18,0.0,0.0,2022,24.578721,73.6862571
47,Taj Falaknuma Palace,Hyderabad,India,Southeast Asia,India Hotels Company Limited,96.92,47,60,Small,Palace,1894,19,0.0,0.0,2022,17.360589,78.4740613
48,Alila Villas Uluwatu,Bali,Indonesia,Southeast Asia,Hyatt,96.88,49,67,Small,Coastal,2009,21,0.0,0.0,2022,-8.3304977,115.0906401
49,Manoir Hovey,North Hatley,Canada,North America,Stafford family,96.83,50,36,Small,Manor,1900,20,1.0,23.0,2022,45.275611,-71.972122
50,Six Senses Con Dao,Con Dao,Vietnam,Southeast Asia,InterContinental Hotels Group,96.8,51,50,Small,Beachfront,2010,21,0.0,0.0,2022,8.7003427,106.60678547974496
51,Cavas Wine Lodge,Mendoza,Argentina,Latin America,Relais & Chateaux,96.8,51,18,Small,Countryside,2005,21,0.0,0.0,2022,-34.787093049999996,-68.43818677312292
52,Grand Hotel Tremezzo,Tremezzina,Italy,Europe,De Santis family,96.8,53,92,Small,Palace,1910,20,0.0,0.0,2022,45.9835245,9.191490924303547
53,Nayara Springs,San Carlos,Costa Rica,Latin America,Nayara Resorts,96.79,54,16,Small,Nature,2013,21,0.0,0.0,2022,10.62017945,-84.42581794981697
54,Lodge on Little St. Simons Island,St Simons Island,United States,North America,Paulson family,96.76,55,16,Small,Lodge,1928,20,0.0,0.0,2022,31.2182863,-81.3612077
55,Rancho Santana,Tola,Nicaragua,Latin America,Tola Development Group,96.75,56,17,Small,Coastal,2015,21,0.0,0.0,2022,11.4386984,-85.9392133
56,Amanpuri,Phuket,Thailand,Southeast Asia,Aman Group Sarl,96.67,57,72,Small,Beachfront,1987,20,0.0,0.0,2022,7.9366015,98.3529292
57,Mandarin Oriental Marrakech,Marrakech,Morocco,Africa,Jardine Matheson,96.67,57,63,Small,Palace,2015,21,0.0,0.0,2022,31.6258257,-7.9891608
58,Namale Resort & Spa,Savusavu,Fiji,Oceania,Tony Robbins,96.64,59,19,Small,Nature,1967,20,0.0,0.0,2022,-16.7802184,179.3328955
59,Gibb's Farm,Karatu,Tanzania,Africa,Rick and Judi,96.63,60,21,Small,Lodge,1929,20,1.0,53.0,2022,-3.49019715,35.56828793576915
60,Jade Mountain,Soufrière,St. Lucia,Caribbean,Nick and Karolin Troubetzkoy,96.63,61,79,Small,Nature,2006,21,1.0,78.0,2022,13.90904385,-60.97792414113452
61,Borgo Egnazia,Fasano,Italy,Europe,Aldo Melpignano,96.6,62,185,Medium,Mediterranean ,2009,21,0.0,0.0,2022,40.834432,17.358399
62,Four Seasons Hotel Kyoto,Kyoto,Japan,Asia,Four Seasons,96.57,63,123,Small,Contemporary ,2016,21,0.0,0.0,2022,35.021041,135.7556075
63,San Ysidro Ranch,Santa Barbara,United States,North America,Ty Warner,96.57,63,41,Small,Countryside,1893,19,0.0,0.0,2022,34.4221319,-119.702667
64,The Goring,London,England,Europe,The Goring Family,96.55,65,69,Small,Palace,1910,20,1.0,56.0,2022,51.5073219,-0.1276474
65,The Oberoi Rajvilas,Jaipur,India,Southeast Asia,The Oberoi Group,96.52,66,54,Small,Palace,1997,20,1.0,51.0,2022,26.9154576,75.8189817
66,Palm Island Resort,Palm Island,Saint Vincent and the Grenadines,Caribbean,James Lane and Rob Barrett,96.5,67,43,Small,Island,1968,20,0.0,0.0,2022,12.5888864,-61.3995276
67,Hotel Savoy,Florence,Italy,Europe,Rocco Forte Hotels,96.47,68,80,Small,Contemporary ,1893,19,0.0,0.0,2022,43.7698712,11.2555757
68,Rambagh Palace,Jaipur,India,Southeast Asia,India Hotels Company Limited,96.44,69,78,Small,Palace,1835,19,1.0,88.0,2022,26.9154576,75.8189817
69,Curtain Bluff,Saint John's,Antigua,Caribbean,Hulford family,96.44,69,72,Small,Beachfront,1962,20,0.0,0.0,2022,17.1184569,-61.8448509
70,"Morrison House Old Town Alexandria, Autograph Collection",Alexandria,United States,North America,Marriott International,96.42,71,45,Small,Contemporary ,1864,19,0.0,0.0,2022,38.8051095,-77.0470229
71,"The Lytle Park Hotel, Autograph Collection",Cincinnati,United States,North America,Marriott International,96.42,71,106,Small,Contemporary ,2019,21,0.0,0.0,2022,39.1014537,-84.5124602
72,Twin Farms,Barnard,United States,North America,Thurston Twigg-Smith,96.42,73,20,Small,Lodge,1993,20,0.0,0.0,2022,39.19056,-98.041991
73,Deer Path Inn,Lake Forest,United States,North America,Lake Forest Investments,96.4,74,55,Small,Manor,1929,20,0.0,0.0,2022,42.2586461,-87.8407055
74,One&Only Nyungwe House,Nyamasheke Nyungwe Forest Reserve,Rwanda,Africa,Kerzner International,96.36,75,22,Small,Nature,2010,21,0.0,0.0,2022,-2.0,-30.0
75,W Santiago,Las Condes,Chile,Latin America,Marriott International,96.36,75,196,Medium,Contemporary ,2009,21,0.0,0.0,2022,-33.4084548,-70.5671489
76,Shangri-La Singapore,Singapore,Singapore,Southeast Asia,Kerry Properties,96.33,77,792,Mega,Contemporary ,1971,20,0.0,0.0,2022,1.357107,103.8194992
77,L'Ermitage Beverly Hills,Beverly Hills,United States,North America,EOS Investors,96.28,78,116,Small,Contemporary ,1975,20,0.0,0.0,2022,34.0696501,-118.3963062
78,Silo Hotel,Cape Town,South Africa,Africa,The Royal Portfolio,96.27,79,28,Small,Contemporary ,2017,21,0.0,0.0,2022,-33.928992,18.417396
79,Katikies Santorini,Santorini,Greece,Europe,Katikies Resorts & Club,96.24,80,34,Small,Coastal,1987,20,0.0,0.0,2022,0.0,0.0
80,Nobu Hotel,Miami Beach,United States,North America,Davidson Hotels & Resorts,96.22,81,206,Medium,Beachfront,1957,20,0.0,0.0,2022,0.0,0.0
81,The Shore Club,Long Bay Beach,Turks and Caicos Islands,Caribbean,The Hartling Group,96.22,82,110,Small,Beachfront,2016,21,0.0,0.0,2022,0.0,0.0
82,Taj Holiday Village Resort & Spa,Goa,India,Southeast Asia,India Hotels Company Limited,96.21,83,142,Small,Beachfront,1978,20,1.0,12.0,2022,0.0,0.0
83,Mandarin Oriental Bangkok,Bangkok,Thailand,Southeast Asia,Jardine Matheson,96.18,84,331,Big,Contemporary ,1876,19,1.0,41.0,2022,0.0,0.0
84,Auberge Saint-Antoine,Quebec City,Canada,North America,Price family,96.18,85,95,Small,Manor,1992,20,0.0,0.0,2022,0.0,0.0
85,Rosewood Miramar Beach,Montecito,United States,North America,Caruso,96.14,86,161,Medium,Beachfront,2018,21,0.0,0.0,2022,0.0,0.0
86,Rio Celeste Hideaway Hotel,Guanacaste,Costa Rica,Latin America,Angelo Zaragovia (brainchild),96.0,87,26,Small,Nature,2010,21,0.0,0.0,2022,0.0,0.0
87,Hotel Caesar Augustus,Anacapri,Italy,Europe,Signorini family,96.0,87,55,Small,Coastal,1940,20,0.0,0.0,2022,0.0,0.0
88,Grand Hotel Villa Serbelloni,Bellagio,Italy,Europe,Bucher family,96.0,87,95,Small,Palace,1873,19,0.0,0.0,2022,0.0,0.0
89,Le Bristol Paris,Paris,France,Europe,Oetker Collection,96.0,87,190,Medium,Palace,1925,20,1.0,80.0,2022,0.0,0.0
90,Shangri-La Bosphorus,Istanbul,Turkey,Middle East,Kerry Properties,95.9,91,186,Medium,Palace,1929,20,0.0,0.0,2022,0.0,0.0
91,The Palms Turks & Caicos,Grace Bay Beach,Turks and Caicos Islands,Caribbean,The Hartling Group,95.86,92,72,Small,Beachfront,2004,21,0.0,0.0,2022,0.0,0.0
92,"The Lodge at Blue Sky, Auberge Resorts Collection",Park City,United States,North America,Phillips family,95.85,93,46,Small,Lodge,2018,21,0.0,0.0,2022,0.0,0.0
93,Little Palm Island Resort & Spa,Little Torch Key,United States,North America,Noble House Hotels and Resorts,95.83,94,30,Small,Island,1989,20,0.0,0.0,2022,0.0,0.0
94,Le Sirenuse,Positano,Italy,Europe,Sersale family,95.81,95,58,Small,Coastal,1951,20,0.0,0.0,2022,0.0,0.0
95,andBeyond Ngorongoro Crater Lodge,Ngorongoro Conservation Area,Tanzania,Africa,andBeyond,95.8,96,30,Small,Safari,1996,20,0.0,0.0,2022,0.0,0.0
96,Casa San Agustín,Cartagena,Colombia,Latin America,Casa San Agustín,95.79,97,31,Small,Boutique ,1700,18,0.0,0.0,2022,0.0,0.0
97,The Connaught,London,England,Europe,Maybourne Hotel Group,95.79,97,121,Small,Contemporary ,1897,19,0.0,0.0,2022,0.0,0.0
98,Wentworth Mansion,Charleston,United States,North America,Richard Widman,95.78,99,21,Small,Manor,1886,19,0.0,0.0,2022,0.0,0.0
99,Taj Lands End,Mumbai,India,Southeast Asia,Indian Hotels Company Limited,95.73,100,488,Big,Contemporary ,1999,20,0.0,0.0,2022,0.0,0.0
100,Birkenhead House,Hermanus,South Africa,Africa,The Royal Portfolio,95.73,100,11,Small,Coastal,1952,20,0.0,0.0,2022,0.0,0.0
101,Mahali Mzuri,Masai Mara,Kenya,Africa,Virgin Limited Edition,99.73,1,12,Small,Safari,2013,21,0.0,0.0,2021,0.0,0.0
102,Nayara Tented Group,Arenal Volcano National Park,Costa Rica,Latin America,Nayara Resorts,99.58,2,29,Small,Nature,2019,21,0.0,0.0,2021,0.0,0.0
103,The Opposite House,Beijing,China,Asia,Swire Properties,99.47,3,99,Small,Contemporary ,2009,21,0.0,0.0,2021,0.0,0.0
104,Capella Bangkok,Bangkok,Thailand,Southeast Asia,Pontiac Land Group,99.38,4,101,Small,Contemporary ,2020,21,0.0,0.0,2021,0.0,0.0
105,Capella Ubud,Bali,Indonesia,Southeast Asia,Pontiac Land Group,99.34,5,23,Small,Nature,2018,21,0.0,0.0,2021,0.0,0.0
106,Grace Hotel,Santorini,Greece,Europe,Auberge Resorts Collection,99.18,6,139,Small,Coastal,2008,21,0.0,0.0,2021,0.0,0.0
107,Kamalame Cay,Andros Island,Bahamas,Caribbean,David and Michael King-Hew,99.14,7,22,Small,Island,1996,20,0.0,0.0,2021,0.0,0.0
108,The Oberoi Udaivilas,Udaipur,India,Southeast Asia,The Oberoi Group,99.12,8,87,Small,Palace,2007,21,0.0,0.0,2021,0.0,0.0
109,The Temple House,Chengdu,China,Asia,Swire Properties,98.94,9,142,Small,Contemporary ,2003,21,0.0,0.0,2021,0.0,0.0
110,The Oberoi New Delhi,New Delhi,India,Southeast Asia,The Oberoi Group,98.9,10,220,Medium,Contemporary ,1965,20,0.0,0.0,2021,0.0,0.0
111,Hotel Paracas,Paracas,Peru,Latin America,Marriott International,98.77,11,120,Small,Coastal,1944,20,0.0,0.0,2021,0.0,0.0
112,Taj Holiday Village Resort & Spa,Goa,India,Southeast Asia,India Hotels Company Limited,98.76,12,142,Small,Coastal,1978,20,0.0,0.0,2021,0.0,0.0
113,"Savute Elephant Lodge, A Belmond Safari",Chobe National Park,Botswana,Africa,LVMH,98.75,13,12,Small,Safari,1992,20,0.0,0.0,2021,0.0,0.0
114,The Oberoi Vanyavilas Wildlife Resort,Ranthambhore,India,Southeast Asia,The Oberoi Group,98.72,14,25,Small,Nature,2001,21,0.0,0.0,2021,0.0,0.0
115,Mandarin Oriental Milan,Milan,Italy,Europe,Jardine Matheson,98.67,15,104,Small,Contemporary ,2015,21,0.0,0.0,2021,0.0,0.0
116,La Reserve Paris,Paris,France,Europe,Michel Reybier Hospitality Group,98.6,16,40,Small,Contemporary ,2015,21,0.0,0.0,2021,0.0,0.0
117,Nobu Ryokan,Malibu,United States,North America," Chef Nobu, Robert De Niro, Meir Teper and Larry Ellison",98.59,17,16,Small,Coastal,2017,21,0.0,0.0,2021,0.0,0.0
118,Soneva Fushi,Baa Atoll,Maldives,Southeast Asia,Soneva,98.59,17,64,Small,Island,1995,20,0.0,0.0,2021,0.0,0.0
119,Shangri-La the Shard,London,England,Europe,Kerry Properties,98.57,19,202,Medium,Contemporary ,2014,21,0.0,0.0,2021,0.0,0.0
120,Alila Manggis,Bali,Indonesia,Southeast Asia,Hyatt,98.5,20,55,Small,Nature,2014,21,0.0,0.0,2021,0.0,0.0
121,Phinda Vlei Lodge,KwaZulu Natal,South Africa,Africa,andBeyond,98.5,20,6,Small,Safari,1996,20,0.0,0.0,2021,0.0,0.0
122,Il Sereno Lago di Como,Torno,Italy,Europe,Sereno Hotels,98.5,20,40,Small,Coastal,2016,21,0.0,0.0,2021,0.0,0.0
123,Manoir Hovey,North Hatley,Canada,North America,Relais & Châteaux ,98.48,23,36,Small,Coastal,1900,20,0.0,0.0,2021,0.0,0.0
124,Canaves Oia Epitome ,Santorini,Greece,Europe,Yiannis and Anna Chaidemenos,98.44,24,24,Small,Coastal,2018,21,0.0,0.0,2021,0.0,0.0
125,Istanbul At Sultanahmet,Istanbul,Turkey,Middle East,Four Seasons,98.4,25,65,Small,Palace,1996,20,0.0,0.0,2021,0.0,0.0
126,The Peninsula Manila,Manila,Philippines,Southeast Asia,Hongkong and Shanghai Hotels Ltd.,98.4,25,469,Big,Palace,1976,20,0.0,0.0,2021,0.0,0.0
127,Hotel Il Pellicano,Porto Ercole,Italy,Europe,The Leading Hotels of the World Ltd.,98.32,27,47,Small,Coastal,1965,20,0.0,0.0,2021,0.0,0.0
128,Hotel Fasano Boa Vista,Porto Feliz,Brazil ,Latin America,The Leading Hotels of the World Ltd.,98.25,28,39,Small,Nature,2003,21,0.0,0.0,2021,0.0,0.0
129,Halekulani Okinawa,Okinawa,Japan,Asia,Mitsui Fudosan Group,98.21,29,360,Big,Coastal,2019,21,0.0,0.0,2021,0.0,0.0
130,The Lake House on Canandaigua,New York,United States,North America,The Sands Family,98.14,30,124,Small,Nature,1962,20,0.0,0.0,2021,0.0,0.0
131,Hyatt Regency Amritsar,Amritsar,India,Southeast Asia,Hyatt,98.14,31,248,Medium,Contemporary ,2008,21,0.0,0.0,2021,0.0,0.0
132,Leela Palace Udaipur,Udaipur,India,Southeast Asia,Brookfield Asset Management,98.13,32,80,Small,Palace,2009,21,0.0,0.0,2021,0.0,0.0
133,Nayara Gardens,Arenal Volcano National Park,Costa Rica,Latin America,Nayara Resorts,98.13,33,50,Small,Nature,2007,21,0.0,0.0,2021,0.0,0.0
134,Pickering House Inn,Wolfeboro,United States,North America,Peter and Patty Cooke ,98.11,34,10,Small,Contemporary ,2018,21,0.0,0.0,2021,0.0,0.0
135,Rancho Valencia Resort & Spa,San Diego,United States,North America,Jacobs Family,98.03,35,49,Small,Nature,1989,20,0.0,0.0,2021,0.0,0.0
136,Nihi Sumba,Sumba,Indonesia,Southeast Asia,Christopher Burch,98.0,36,28,Small,Coastal,2001,21,0.0,0.0,2021,0.0,0.0
137,The Oberoi Mumbai,Mumbai,India,Southeast Asia,The Oberoi Group,98.0,36,337,Big,Contemporary ,2004,21,0.0,0.0,2021,0.0,0.0
138,Tierra Atacama Hotel & Spa,San Pedro de Atacama,Chile,Latin America,Tierra Hotels,98.0,36,32,Small,Nature,2011,21,0.0,0.0,2021,0.0,0.0
139,Viceroy Riviera Maya,Playa del Carmen,Mexico,Latin America,Viceroy Hotel Group ,97.92,39,41,Small,Coastal,2006,21,0.0,0.0,2021,0.0,0.0
140,St. Regis Istanbul,Istanbul,Turkey,Middle East,Marriott International,97.89,40,118,Small,Contemporary ,2015,21,0.0,0.0,2021,0.0,0.0
141,Katikies Mykonos,Mikonos ,Greece,Europe,Nikos Pagonis,97.87,41,36,Small,Coastal,2018,21,0.0,0.0,2021,0.0,0.0
142,The Lanesborough,London,England,Europe,Oetker Collection,97.87,41,93,Small,Palace,1991,20,0.0,0.0,2021,0.0,0.0
143,Mandarin Oriental Bangkok,Bangkok,Thailand,Southeast Asia,Jardine Matheson,97.87,41,331,Big,Contemporary ,1876,19,0.0,0.0,2021,0.0,0.0
144,The Roundtree,Amagansett,United States,North America,Sylvia Wong,97.87,41,10,Small,Nature,2020,21,0.0,0.0,2021,0.0,0.0
145,Mashpi Lodge,Quito,Ecuador,Latin America,Roque Sevilla,97.76,45,24,Small,Nature,2012,21,0.0,0.0,2021,0.0,0.0
146,Angama Mara,Mara Triangle,Kenya,Africa,Nicky and Steve Fitzgerald ,97.73,46,4,Small,Safari,2015,21,0.0,0.0,2021,0.0,0.0
147,Raffles Istanbul,Istanbul,Turkey,Middle East,Accor,97.72,47,136,Small,Contemporary ,2014,21,0.0,0.0,2021,0.0,0.0
148,Grand Hotel Excelsior Vittoria,Sorrento,Italy,Europe,Guido Fiorentino,97.71,48,79,Small,Coastal,1834,19,0.0,0.0,2021,0.0,0.0
149,Sumaq Machu Picchu Hotel,Aguas Calientes,Peru,Latin America,Clabe Andina,97.68,49,62,Small,Nature,2007,21,0.0,0.0,2021,0.0,0.0
150,Las Ventanas al Paraíso,San José del Cabo,Mexico,Latin America,Rosewood Hotel Group ,97.68,50,83,Small,Coastal,1997,20,0.0,0.0,2021,0.0,0.0
151,The Oberoi Rajvilas,Jaipur,India,Southeast Asia,The Oberoi Group,97.66,51,54,Small,Palace,1997,20,0.0,0.0,2021,0.0,0.0
152,Viceroy Chicago,Chicago,United States,North America,Viceroy Hotel Group ,97.66,51,180,Medium,Contemporary ,2017,21,0.0,0.0,2021,0.0,0.0
153,Gibb's Farm,Karatu,Tanzania,Africa,Rick and Judi,97.63,53,21,Small,Nature,1929,20,0.0,0.0,2021,0.0,0.0
154,Singita Grumeti,Serengeti National Park,Tanzania,Africa,"Paul Tudor Jones, Luke Bailes",97.6,54,15,Small,Safari,2013,21,0.0,0.0,2021,0.0,0.0
155,Four Seasons Bangkok,Bangkok,Thailand,Southeast Asia,Four Seasons,97.59,55,299,Medium,Contemporary ,2020,21,0.0,0.0,2021,0.0,0.0
156,The Goring,London,England,Europe,The Goring Family,97.57,56,69,Small,Palace,1910,20,0.0,0.0,2021,0.0,0.0
157,The Lodge & Spa at Brush Creek Ranch,Wyoming,United States,North America,Bruce and Beth White,97.56,57,44,Small,Nature,2010,21,0.0,0.0,2021,0.0,0.0
158,Taj Palace,New Delhi,India,Southeast Asia,India Hotels Company Limited,97.56,57,403,Big,Palace,1903,20,0.0,0.0,2021,0.0,0.0
159,St. Regis Florence,Florence,Italy,Europe,Marriott International,97.52,59,99,Small,Palace,1855,19,0.0,0.0,2021,0.0,0.0
160,Mandarin Oriental Paris,Paris,France,Europe,Jardine Matheson,97.5,60,135,Small,Contemporary ,2011,21,0.0,0.0,2021,0.0,0.0
161,Matetsi Victoria Falls,Matetsi,Zimbabwe,Africa,John Gardiner,97.5,60,18,Small,Safari,2016,21,0.0,0.0,2021,0.0,0.0
162,Round Hill Hotel and Villas,Montego Bay,Jamaica,Caribbean,Ralph Lauren,97.49,62,36,Small,Coastal,1952,20,0.0,0.0,2021,0.0,0.0
163,Khwai River Lodge,Moremi Game Reserve,Botswana,Africa,LVMH,97.47,63,15,Small,Safari,1971,20,0.0,0.0,2021,0.0,0.0
164,Soneva Jani,Noonu Atoll,Maldives,Southeast Asia,Soneva,97.45,64,24,Small,Island,2016,21,0.0,0.0,2021,0.0,0.0
165,The Oberoi Amarvilas,Agra,India,Southeast Asia,The Oberoi Group,97.44,65,102,Small,Palace,2000,21,0.0,0.0,2021,0.0,0.0
166,Inn of the Five Graces,Santa Fe,United States,North America,Relais & Châteaux,97.41,66,25,Small,Contemporary ,1996,20,0.0,0.0,2021,0.0,0.0
167,"Zadun, a Ritz-Carlton Reserve",San José del Cabo,Mexico,Latin America,Marriott International,97.41,66,115,Small,Coastal,2019,21,0.0,0.0,2021,0.0,0.0
168,Mfuwe Lodge,South Luangwa National Park,Zambia,Africa,The Bushcamp Company,97.33,68,18,Small,Safari,1956,20,0.0,0.0,2021,0.0,0.0
169,InterContinental Bora Bora Resort & Thalasso Spa,Bora Bora,French Polynesia,Oceania,InterContinental Hotels Group,97.33,68,84,Small,Island,2006,21,0.0,0.0,2021,0.0,0.0
170,Banyan Tree Cabo Marqués,Acapulco,Mexico,Latin America,Banyan Tree Holdings Limited,97.3,70,45,Small,Coastal,2009,21,0.0,0.0,2021,0.0,0.0
171,Ngala Safari Lodge,Kruger National Park Area,South Africa,Africa,andBeyond,97.26,71,20,Small,Safari,2020,21,0.0,0.0,2021,0.0,0.0
172,Sasaab,Samburu,Kenya,Africa,The Safari Collection,97.26,71,9,Small,Safari,2007,21,0.0,0.0,2021,0.0,0.0
173,The Sukhothai Bangkok,Bangkok,Thailand,Southeast Asia,HKR International,97.25,73,210,Medium,Palace,1991,20,0.0,0.0,2021,0.0,0.0
174,The Oberoi Grand,Kolkata,India,Southeast Asia,The Oberoi Group,97.2,74,209,Medium,Palace,1890,19,0.0,0.0,2021,0.0,0.0
175,Hôtel Plaza Athénée,Paris,France,Europe,Brunei Investment Agency,97.18,75,154,Medium,Palace,1913,20,0.0,0.0,2021,0.0,0.0
176,Mahekal Beach Resort,Playa del Carmen,Mexico,Latin America,Mahekal Beach Resort,97.12,76,196,Medium,Coastal,1982,20,0.0,0.0,2021,0.0,0.0
177,The Fullerton Hotel Singapore,Singapore,Singapore,Southeast Asia,Precious Treasure Pte,97.11,77,400,Big,Palace,2001,21,0.0,0.0,2021,0.0,0.0
178,Jade Mountain,Soufrière,St. Lucia,Caribbean,Nick Troubetzkoy,97.1,78,79,Small,Nature,2006,21,0.0,0.0,2021,0.0,0.0
179,Casa Chameleon,Las Catalinas,Costa Rica,Caribbean,Nolan Reynolds International,97.05,79,21,Small,Coastal,2020,21,0.0,0.0,2021,0.0,0.0
180,Hôtel Crillon Le Brave,Crillon-le-Brave,France,Europe,Maisons Pariente,97.0,80,34,Small,Nature,1988,20,0.0,0.0,2021,0.0,0.0
181,Le Bristol Paris,Paris,France,Europe,Oetker Collection,97.0,80,190,Medium,Palace,1925,20,0.0,0.0,2021,0.0,0.0
182,"Mandapa, a Ritz-Carlton Reserve",Bali,Indonesia,Southeast Asia,Marriott International,97.0,80,60,Small,Nature,2015,21,0.0,0.0,2021,0.0,0.0
183,Six Senses Laamu,Laamu Atoll,Maldives,Southeast Asia,Hotel Properties Limited,97.0,80,97,Small,Island,2011,21,0.0,0.0,2021,0.0,0.0
184,Waldorf Astoria Maldives Ithaafushi,Ithaafushi Island,Maldives,Southeast Asia,Hilton,97.0,80,119,Small,Island,2019,21,0.0,0.0,2021,0.0,0.0
185,The Wickaninnish Inn,British Columbia,Canada,North America,Wickaninnish Inn Ltd,97.0,80,75,Small,Coastal,1996,20,0.0,0.0,2021,0.0,0.0
186,Penha Longa Resort,Sintra,Portugal,Europe,Marriott International,96.94,86,44,Small,Nature,1993,20,0.0,0.0,2021,0.0,0.0
187,The St. Regis Bora Bora Resort,Bora Bora,French Polynesia,Oceania,Marriott International,96.89,87,90,Small,Island,2006,21,0.0,0.0,2021,0.0,0.0
188,Lion Sands Game Reserve,Sabi Sand Game Reserve ,South Africa,Africa,MORE Family Collection,96.87,88,18,Small,Safari,1933,20,0.0,0.0,2021,0.0,0.0
189,Rambagh Palace,Jaipur,India,Southeast Asia,India Hotels Company Limited,96.87,88,78,Small,Palace,1835,19,0.0,0.0,2021,0.0,0.0
190,The Oyster Box,Umhlanga,South Africa,Africa,The Travel Corporation,96.85,90,86,Small,Coastal,1947,20,0.0,0.0,2021,0.0,0.0
191,The Stafford,London,England,Europe,Britannia Hospitality Limited,96.75,91,107,Small,Contemporary ,1912,20,0.0,0.0,2021,0.0,0.0
192,"Tambo del Inka, a Luxury Collection Resort & Spa",Urubamba ,Peru,Latin America,Marriott International,96.74,92,128,Small,Nature,2010,21,0.0,0.0,2021,0.0,0.0
193,Cap Maison,Gros Islet,St. Lucia,Caribbean,Cap Maison Limited,96.73,93,49,Small,Coastal,2008,21,0.0,0.0,2021,0.0,0.0
194,Tensing Pen,Negril,Jamaica,Caribbean,Sam Petros,96.73,93,22,Small,Coastal,1975,20,0.0,0.0,2021,0.0,0.0
195,Hôtel Le Toiny,Anse de Toiny,St. Barthélemy,Caribbean, Charlie and Mandie Vere Nicoll,96.71,95,22,Small,Coastal,1992,20,0.0,0.0,2021,0.0,0.0
196,Rosewood Mayakoba,Playa del Carmen,Mexico,Latin America,Rosewood Hotel Group ,96.7,96,129,Small,Coastal,2007,21,0.0,0.0,2021,0.0,0.0
197,Canaves Oia Boutique Hotel,Santorini,Greece,Europe,The Chaidemenos' Family,96.69,97,18,Small,Coastal,1995,20,0.0,0.0,2021,0.0,0.0
198,Montage Los Cabos,Cabo San Lucas,Mexico,Latin America,Montage International,96.68,98,122,Small,Coastal,2018,21,0.0,0.0,2021,0.0,0.0
199,Badrutt's Palace Hotel,St. Moritz,Switzerland,Europe,Hansjürg and Anikó Badrutt.,96.67,99,157,Medium,Nature,1896,19,0.0,0.0,2021,0.0,0.0
200,Finca Cortesin Hotel Golf & Spa,Málaga,Spain,Europe,Finca Cortesin,96.63,100,67,Small,Nature,2009,21,0.0,0.0,2021,0.0,0.0
